VALID,VALID2,LAT,LON,MAG,WFO,TYPECODE,TYPETEXT,CITY,COUNTY,STATE,SOURCE,REMARK
201910221703,2019/10/22 17:03,48.49,-112.37,55.0,TFX,N,NON-TSTM WND GST,10 S CUT BANK,GLACIER,MT,MESONET,MESONET STATION EW5772 CUT BANK.
201910221704,2019/10/22 17:04,44.91,-84.72,40.0,APX,N,NON-TSTM WND GST,1 NW WATERS,OTSEGO,MI,MESONET,MESONET STATION DW5664 GAYLORDNWS; GAYLORD.
201910221704,2019/10/22 17:04,41.50,-106.05,59.0,CYS,N,NON-TSTM WND GST,11 SE ARLINGTON,ALBANY,WY,MESONET,MESONET STATION WY25 10.7 SE ARLINGTON (WYDOT).
201910221715,2019/10/22 17:15,45.37,-85.13,None,APX,v,COASTAL FLOOD,2 NW BAYSHORE,LMZ342,MI,BROADCAST MEDIA,BROADCAST MEDIA REPORTED PORTIONS OF LITTLE TRAVERSE WHEELWAY BIKE PATH CRUMBLING DUE TO BEACH EROSION.
201910221718,2019/10/22 17:18,47.60,-112.32,60.0,TFX,N,NON-TSTM WND GST,8 NNE AUGUSTA,TETON,MT,AWOS,AWOS STATION K1FM FOXTROT.
201910221730,2019/10/22 17:30,47.56,-112.34,57.0,TFX,N,NON-TSTM WND GST,6 NNE AUGUSTA,TETON,MT,MESONET,MESONET STATION MCBMT 5.5 NE AUGUSTA (MCSCN).
201910221731,2019/10/22 17:31,45.57,-84.80,40.0,APX,N,NON-TSTM WND GST,1 WNW PELLSTON,EMMET,MI,ASOS,ASOS STATION KPLN PELLSTON - RGNL AIRPORT OF EMMET COUNTY.
201910221731,2019/10/22 17:31,45.07,-83.57,41.0,APX,N,NON-TSTM WND GST,6 S CATHRO,ALPENA,MI,ASOS,ASOS STATION KAPN ALPENA - PHELPS COLLINS FIELD.
201910221740,2019/10/22 17:40,29.95,-82.11,40.0,JAX,G,TSTM WND GST,1 NNE STARKE,Bradford,FL,MESONET,WEATHERSTEM STATION JUST NORTH OF STARKE MEASURED A PEAK WIND GUST OF 40 MPH.
201910221745,2019/10/22 17:45,47.62,-111.99,52.0,TFX,N,NON-TSTM WND GST,FAIRFIELD,TETON,MT,MESONET,GREENFIELDS IRRIGATION DISTRICT HADS SITE.
201910221745,2019/10/22 17:45,48.67,-112.59,54.0,TFX,N,NON-TSTM WND GST,12 WNW CUT BANK,GLACIER,MT,MESONET,MESONET STATION BFAM 12.1 W CUT BANK (AGRIMET).
201910221745,2019/10/22 17:45,47.98,-112.61,72.0,TFX,N,NON-TSTM WND GST,14 W BYNUM,TETON,MT,MESONET,MESONET STATION DELMT 15.2 SW DUPUYER (MCSCN). PEAK WIND GUST SO FAR TODAY FOR THIS STATION.
201910221745,2019/10/22 17:45,43.23,-86.34,None,GRR,u,LAKESHORE FLOOD,4 WNW ROOSEVELT PARK,MUSKEGON,MI,NWS EMPLOYEE,RESTAURANT ON BEACH STREET FLOODED.
201910221745,2019/10/22 17:45,30.14,-82.72,None,JAX,D,TSTM WND DMG,5 NNW COLUMBIA,Columbia,FL,LAW ENFORCEMENT,LAW ENFORCEMENT RECEIVED REPORTS OF A TREE DOWN ON A POWERLINE. THE TIME GIVEN WAS BASED ON RADAR.
201910221748,2019/10/22 17:48,46.56,-112.31,54.0,TFX,N,NON-TSTM WND GST,13 S MARYSVILLE,LEWIS AND CLARK,MT,DEPT OF HIGHWAYS,MACDONALD PASS MDT SITE.
201910221758,2019/10/22 17:58,47.10,-110.17,51.0,TFX,N,NON-TSTM WND GST,2 NW WINDHAM,JUDITH BASIN,MT,AWOS,AWOS STATION K1CM CHARLIE.
201910221758,2019/10/22 17:58,47.60,-112.32,60.0,TFX,N,NON-TSTM WND GST,8 NNE AUGUSTA,TETON,MT,AWOS,AWOS STATION K1FM FOXTROT.
201910221800,2019/10/22 18:00,41.08,-105.04,63.0,CYS,N,NON-TSTM WND GST,11 WSW WARREN AF BASE,LARAMIE,WY,MESONET,UP226_ EMKAYW.
201910221800,2019/10/22 18:00,41.55,-106.09,65.0,CYS,N,NON-TSTM WND GST,7 ESE ARLINGTON,CARBON,WY,MESONET,MESONET STATION WY24 6.9 E ARLINGTON (WYDOT).
201910221800,2019/10/22 18:00,44.81,-86.07,None,APX,v,COASTAL FLOOD,EMPIRE,LEELANAU,MI,BROADCAST MEDIA,PARTS OF THE BREAK WALL AT EMPIRE BEACH BEING DISMANTLED DUE TO COASTAL FLOODING/EROSION. TIME ESTIMATED.
201910221813,2019/10/22 18:13,46.89,-112.11,55.0,TFX,N,NON-TSTM WND GST,8 SSW WOLF CREEK,LEWIS AND CLARK,MT,MESONET,MESONET STATION 301005 8 SSW WOLF CREEK.
201910221814,2019/10/22 18:14,41.92,-104.96,57.0,CYS,N,NON-TSTM WND GST,9 S WHEATLAND,PLATTE,WY,DEPT OF HIGHWAYS,
201910221821,2019/10/22 18:21,48.07,-112.33,51.0,TFX,N,NON-TSTM WND GST,2 NW PENDROY,TETON,MT,DEPT OF HIGHWAYS,PENDROY MDT SITE.
201910221822,2019/10/22 18:22,47.29,-112.15,51.0,TFX,N,NON-TSTM WND GST,17 SW SIMMS,LEWIS AND CLARK,MT,DEPT OF HIGHWAYS,BOWMANS CORNER MDT SITE.
201910221823,2019/10/22 18:23,30.22,-81.67,43.0,JAX,G,TSTM WND GST,4 NE ORANGE PARK,DUVAL,FL,AWOS,AWOS STATION KNIP JACKSONVILLE NAS.
201910221825,2019/10/22 18:25,47.84,-112.17,60.0,TFX,N,NON-TSTM WND GST,2 NNE CHOTEAU,TETON,MT,AWOS,CHOTEAU AIRPORT AWOS.
201910221834,2019/10/22 18:34,48.60,-112.37,59.0,TFX,N,NON-TSTM WND GST,3 SW CUT BANK,GLACIER,MT,ASOS,ASOS STATION KCTB CUT BANK AIRPORT.
201910221837,2019/10/22 18:37,48.07,-112.33,54.0,TFX,N,NON-TSTM WND GST,2 NW PENDROY,TETON,MT,MESONET,MESONET STATION MTPND 2.0 NW PENDROY (MT DOT).
201910221840,2019/10/22 18:40,30.32,-81.64,41.0,JAX,G,TSTM WND GST,1 ESE JACKSONVILLE,DUVAL,FL,MESONET,MESONET STATION 1325W 0.9 SE JACKSONVILLE (WEATHERSTEM).
201910221840,2019/10/22 18:40,30.32,-81.64,42.0,JAX,G,TSTM WND GST,1 ESE JACKSONVILLE,DUVAL,FL,MESONET,MESONET STATION 1323W 1.3 SE JACKSONVILLE (WEATHERSTEM).
201910221842,2019/10/22 18:42,30.33,-81.52,44.0,JAX,G,TSTM WND GST,4 SSW FORT CAROLINE,DUVAL,FL,ASOS,ASOS STATION KCRG JACKSONVIL CRAIG.
201910221843,2019/10/22 18:43,46.89,-112.11,63.0,TFX,N,NON-TSTM WND GST,8 SSW WOLF CREEK,LEWIS AND CLARK,MT,MESONET,MESONET STATION 301005 8 SSW WOLF CREEK.
201910221845,2019/10/22 18:45,44.25,-83.46,42.0,APX,N,NON-TSTM WND GST,3 SSE EAST TAWAS,IOSCO,MI,MESONET,MESONET STATION XTAW TAWAS POINT.
201910221845,2019/10/22 18:45,43.41,-86.35,None,GRR,u,LAKESHORE FLOOD,1 ESE MONTAGUE,MUSKEGON,MI,NWS EMPLOYEE,GAS DOCK AND PARKING LOTS FLOODED AT MARINA ON WHITE LAKE.
201910221855,2019/10/22 18:55,46.73,-111.98,51.0,TFX,N,NON-TSTM WND GST,9 NNE HELENA,LEWIS AND CLARK,MT,AMATEUR RADIO,NORTH HILLS OF HELENA VALLEY.
201910221900,2019/10/22 19:00,48.31,-111.93,65.0,TFX,N,NON-TSTM WND GST,6 NW LEDGER,PONDERA,MT,MESONET,MESONET STATION MTM05 5.8 NW LEDGER (MT-MESO).
201910221900,2019/10/22 19:00,44.30,-86.31,None,APX,v,COASTAL FLOOD,2 N PARKDALE,MANISTEE,MI,NWS EMPLOYEE,DAMAGE TO DOCK AND BEACH SIGNAGE.
201910221914,2019/10/22 19:14,48.99,-111.58,57.0,TFX,N,NON-TSTM WND GST,16 WNW WHITLASH,TOOLE,MT,MESONET,WEST BUTTE.
201910221915,2019/10/22 19:15,48.48,-111.35,60.0,TFX,N,NON-TSTM WND GST,GALATA,TOOLE,MT,MESONET,
201910221924,2019/10/22 19:24,46.70,-112.66,50.0,MSO,N,NON-TSTM WND GST,5 SSE FINN,POWELL,MT,MESONET,MESONET STATION MTAVN 5.2 SE FINN (MT DOT).
201910221924,2019/10/22 19:24,48.10,-111.71,68.0,TFX,N,NON-TSTM WND GST,8 NE BRADY,PONDERA,MT,MESONET,BERLAND.
201910221929,2019/10/22 19:29,45.50,-111.70,53.0,TFX,N,NON-TSTM WND GST,4 NNE MCALLISTER,MADISON,MT,MESONET,MESONET STATION MTNOR 4.2 NE MCALLISTER (MT DOT).
201910221929,2019/10/22 19:29,48.51,-109.64,66.0,TFX,N,NON-TSTM WND GST,3 SE HAVRE,HILL,MT,MESONET,SADDLE BUTTE.
201910221930,2019/10/22 19:30,48.60,-112.38,44.0,TFX,A,HIGH SUST WINDS,3 SW CUT BANK,GLACIER,MT,ASOS,1 HR AND 10 MINUTE SUSTAINED WIND AT THE CUT BANK AIRPORT OF 44 MPH FROM 12:20 PM TO 1:30 PM.
201910221930,2019/10/22 19:30,48.74,-110.93,59.0,TFX,N,NON-TSTM WND GST,14 NNW JOPLIN,LIBERTY,MT,MESONET,MESONET STATION DW4821 CHESTER.
201910221935,2019/10/22 19:35,29.99,-81.54,None,JAX,D,TSTM WND DMG,6 NNE PICOLATA,ST. JOHNS,FL,911 CALL CENTER,POWER LINE DOWN ON VICKIE TOWERS DR.
201910221939,2019/10/22 19:39,48.74,-111.97,56.0,TFX,N,NON-TSTM WND GST,KEVIN,TOOLE,MT,MESONET,MESONET STATION DW0975 KEVIN.
201910221940,2019/10/22 19:40,30.08,-81.72,50.0,JAX,G,TSTM WND GST,5 SE LAKESIDE,Clay,FL,TRAINED SPOTTER,STORM SPOTTER REPORTED AN ESTIMATED WIND GUST OF 50 MPH ON SEA PINES LANE IN FLEMING ISLAND.
201910221952,2019/10/22 19:52,47.46,-111.39,61.0,TFX,N,NON-TSTM WND GST,5 SW GREAT FALLS,CASCADE,MT,MESONET,NWS OFFICE.
201910221954,2019/10/22 19:54,48.54,-112.98,53.0,TFX,N,NON-TSTM WND GST,2 SE BROWNING,GLACIER,MT,MESONET,MESONET STATION MTBWG 2.1 SE BROWNING (MT DOT).
201910221955,2019/10/22 19:55,45.02,-85.76,43.0,APX,N,NON-TSTM WND GST,1 NNE LELAND,LMZ344,MI,MESONET,MESONET STATION XLEL LELAND HARBOR.
201910221955,2019/10/22 19:55,45.81,-109.98,55.0,BYZ,N,NON-TSTM WND GST,2 SSW BIG TIMBER,SWEET GRASS,MT,AWOS,
201910221955,2019/10/22 19:55,47.47,-111.38,61.0,TFX,N,NON-TSTM WND GST,5 WSW GREAT FALLS,CASCADE,MT,ASOS,ASOS STATION KGTF GREAT FALLS.
201910221956,2019/10/22 19:56,47.10,-110.17,56.0,TFX,N,NON-TSTM WND GST,2 NW WINDHAM,JUDITH BASIN,MT,AWOS,AWOS STATION K1CM CHARLIE.
201910222000,2019/10/22 20:00,48.39,-110.54,57.0,TFX,N,NON-TSTM WND GST,12 S RUDYARD,HILL,MT,MESONET,GATZEMEIER.
201910222000,2019/10/22 20:00,45.71,-109.58,60.0,BYZ,N,NON-TSTM WND GST,2 W REED POINT,SWEET GRASS,MT,DEPT OF HIGHWAYS,
201910222000,2019/10/22 20:00,48.69,-113.72,62.0,TFX,N,NON-TSTM WND GST,14 WSW SAINT MARY,GLACIER,MT,MESONET,MESONET STATION LGPVC LOGAN PASS (GNP).
201910222000,2019/10/22 20:00,48.31,-111.93,67.0,TFX,N,NON-TSTM WND GST,6 NW LEDGER,PONDERA,MT,MESONET,MESONET STATION MTM05 5.8 NW LEDGER (MT-MESO).
201910222000,2019/10/22 20:00,44.63,-86.24,None,APX,u,LAKESHORE FLOOD,FRANKFORT,BENZIE,MI,PUBLIC,PARKING LOT FLOODING NEXT TO BETSIE LAKE IN FRANKFORT. REPORT W/PHOTO ON FACEBOOK. TIME ESTIMATED FROM PHOTO.
201910222010,2019/10/22 20:10,45.81,-109.98,60.0,BYZ,N,NON-TSTM WND GST,2 SSW BIG TIMBER,SWEET GRASS,MT,AWOS,
201910222015,2019/10/22 20:15,47.09,-109.97,52.0,TFX,N,NON-TSTM WND GST,3 ENE BENCHLAND,JUDITH BASIN,MT,MESONET,MESONET STATION MTM47 2.6 E BENCHLAND (MT-MESO).
201910222015,2019/10/22 20:15,45.25,-112.88,54.0,TFX,N,NON-TSTM WND GST,8 NE BANNACK,BEAVERHEAD,MT,MESONET,MESONET STATION MTM14 8.3 NE BANNACK (MT-MESO).
201910222015,2019/10/22 20:15,47.28,-110.37,56.0,TFX,N,NON-TSTM WND GST,6 E GEYSER,JUDITH BASIN,MT,AWOS,AWOS STATION K1BM BRAVO.
201910222015,2019/10/22 20:15,48.74,-110.93,61.0,TFX,N,NON-TSTM WND GST,14 NNW JOPLIN,LIBERTY,MT,MESONET,MESONET STATION DW4821 CHESTER.
201910222016,2019/10/22 20:16,48.47,-111.18,51.0,TFX,N,NON-TSTM WND GST,3 E LOTHAIR,LIBERTY,MT,MESONET,MESONET STATION EW8201 LOTHAIR 3E.
201910222024,2019/10/22 20:24,46.69,-109.75,55.0,BYZ,N,NON-TSTM WND GST,JUDITH GAP,WHEATLAND,MT,DEPT OF HIGHWAYS,
201910222025,2019/10/22 20:25,45.81,-109.98,64.0,BYZ,N,NON-TSTM WND GST,2 SSW BIG TIMBER,SWEET GRASS,MT,AWOS,
201910222029,2019/10/22 20:29,48.08,-110.03,57.0,TFX,N,NON-TSTM WND GST,8 SSE BIG SANDY,CHOUTEAU,MT,MESONET,
201910222030,2019/10/22 20:30,47.70,-114.51,50.0,MSO,N,NON-TSTM WND GST,6 E LONEPINE,LAKE,MT,MESONET,MESONET STATION MTM57 5.7 E LONEPINE (MT-MESO).
201910222030,2019/10/22 20:30,48.49,-109.80,50.0,TFX,N,NON-TSTM WND GST,6 WSW HAVRE,HILL,MT,MESONET,MESONET STATION MTM06 6.4 SW HAVRE (MT-MESO).
201910222030,2019/10/22 20:30,46.69,-109.75,54.0,BYZ,N,NON-TSTM WND GST,JUDITH GAP,WHEATLAND,MT,DEPT OF HIGHWAYS,
201910222035,2019/10/22 20:35,45.58,-109.85,55.0,BYZ,N,NON-TSTM WND GST,13 SSW GREYCLIFF,SWEET GRASS,MT,MESONET,
201910222040,2019/10/22 20:40,45.81,-109.98,62.0,BYZ,N,NON-TSTM WND GST,2 SSW BIG TIMBER,SWEET GRASS,MT,AWOS,
201910222044,2019/10/22 20:44,46.52,-110.41,58.0,TFX,N,NON-TSTM WND GST,6 NW MARTINSDALE,MEAGHER,MT,MESONET,INGER.
201910222045,2019/10/22 20:45,48.04,-112.20,55.0,TFX,N,NON-TSTM WND GST,5 ESE PENDROY,TETON,MT,MESONET,MESONET STATION RICMT 4.9 E PENDROY (MCSCN).
201910222045,2019/10/22 20:45,45.71,-109.58,60.0,BYZ,N,NON-TSTM WND GST,2 W REED POINT,SWEET GRASS,MT,DEPT OF HIGHWAYS,
201910222054,2019/10/22 20:54,47.38,-111.28,58.0,TFX,N,NON-TSTM WND GST,5 WSW SAND COULEE,CASCADE,MT,MESONET,CASSIDY.
201910222055,2019/10/22 20:55,45.81,-109.98,56.0,BYZ,N,NON-TSTM WND GST,2 SSW BIG TIMBER,SWEET GRASS,MT,AWOS,
201910222100,2019/10/22 21:00,46.85,-113.97,55.0,MSO,N,NON-TSTM WND GST,2 SW EAST MISSOULA,MISSOULA,MT,MESONET,TOP OF MOUNT SENTINEL.
201910222100,2019/10/22 21:00,48.39,-110.54,57.0,TFX,N,NON-TSTM WND GST,12 S RUDYARD,HILL,MT,MESONET,MESONET STATION EW1931 RUDYARD.
201910222100,2019/10/22 21:00,45.61,-109.56,66.0,BYZ,N,NON-TSTM WND GST,5 S REED POINT,STILLWATER,MT,MESONET,
201910222101,2019/10/22 21:01,48.85,-110.60,54.0,TFX,N,NON-TSTM WND GST,20 N RUDYARD,HILL,MT,MESONET,MESONET STATION EW1937 GOLDSTONE.
201910222103,2019/10/22 21:03,48.18,-110.40,61.0,TFX,N,NON-TSTM WND GST,13 W BIG SANDY,CHOUTEAU,MT,MESONET,MYERS.
201910222105,2019/10/22 21:05,48.55,-110.65,57.0,TFX,N,NON-TSTM WND GST,2 E INVERNESS,HILL,MT,MESONET,MESONET STATION 629000 1 E INVERNESS.
201910222114,2019/10/22 21:14,47.55,-111.51,56.0,TFX,N,NON-TSTM WND GST,2 WNW SUN PRAIRIE,CASCADE,MT,MESONET,
201910222115,2019/10/22 21:15,47.90,-112.16,50.0,TFX,N,NON-TSTM WND GST,6 N CHOTEAU,TETON,MT,MESONET,MESONET STATION TRFM 6.1 N CHOTEAU (AGRIMET).
201910222115,2019/10/22 21:15,47.39,-110.13,63.0,TFX,N,NON-TSTM WND GST,4 NW COFFEE CREEK,FERGUS,MT,MESONET,MESONET STATION MTM15 3.6 NW COFFEE CREEK (MT-MESO).
201910222118,2019/10/22 21:18,48.30,-108.72,58.0,TFX,N,NON-TSTM WND GST,13 S FORT BELKNAP,BLAINE,MT,MESONET,MESONET STATION FBLM8 FORT BELKNAP RAWS.
201910222128,2019/10/22 21:28,48.59,-110.79,54.0,TFX,N,NON-TSTM WND GST,3 NNW JOPLIN,LIBERTY,MT,MESONET,MESONET STATION EW9056 JOPLIN.
201910222130,2019/10/22 21:30,47.96,-108.31,56.0,GGW,G,TSTM WND GST,11 ENE ZORTMAN,PHILLIPS,MT,MESONET,MDT STATION MTMAL MALTA SOUTH ON 191.
201910222132,2019/10/22 21:32,47.28,-110.80,53.0,TFX,N,NON-TSTM WND GST,3 WNW RAYNESFORD,CASCADE,MT,AWOS,AWOS STATION K1AM ALPHA.
201910222142,2019/10/22 21:42,46.64,-111.92,55.0,TFX,N,NON-TSTM WND GST,4 N EAST HELENA,LEWIS AND CLARK,MT,NWS EMPLOYEE,
201910222145,2019/10/22 21:45,47.33,-108.96,0.25,TFX,H,HAIL,ROY,FERGUS,MT,TRAINED SPOTTER,
201910222145,2019/10/22 21:45,45.82,-109.96,54.0,BYZ,N,NON-TSTM WND GST,1 S BIG TIMBER,SWEET GRASS,MT,MESONET,
201910222145,2019/10/22 21:45,45.56,-109.61,59.0,BYZ,N,NON-TSTM WND GST,8 W ABSAROKEE,STILLWATER,MT,MESONET,
201910222154,2019/10/22 21:54,47.45,-109.42,52.0,TFX,N,NON-TSTM WND GST,3 WSW SUFFOLK,FERGUS,MT,AWOS,AWOS STATION K1EM ECHO.
201910222157,2019/10/22 21:57,45.21,-85.55,40.0,APX,N,NON-TSTM WND GST,7 NNE NORTHPORT,LMZ344,MI,MESONET,MESONET STATION GTLM4 6 NE NORTHPORT.
201910222157,2019/10/22 21:57,47.03,-109.47,51.0,TFX,N,NON-TSTM WND GST,3 SW LEWISTOWN,FERGUS,MT,ASOS,ASOS STATION KLWT LEWISTOWN ASOS.
201910222200,2019/10/22 22:00,47.79,-110.48,55.0,TFX,N,NON-TSTM WND GST,8 ESE FORT BENTON,CHOUTEAU,MT,MESONET,MESONET STATION MTM02 10.2 S LOMA (MT-MESO).
201910222200,2019/10/22 22:00,48.31,-113.36,56.0,MSO,N,NON-TSTM WND GST,5 ENE BLACKTAIL - RAILR,FLATHEAD,MT,MESONET,
201910222200,2019/10/22 22:00,47.89,-110.53,59.0,TFX,N,NON-TSTM WND GST,3 SSW LOMA,CHOUTEAU,MT,MESONET,MESONET STATION MTM45 3.2 SW LOMA (MT-MESO).
201910222200,2019/10/22 22:00,46.69,-109.75,64.0,BYZ,N,NON-TSTM WND GST,JUDITH GAP,WHEATLAND,MT,DEPT OF HIGHWAYS,
201910222200,2019/10/22 22:00,45.85,-84.60,None,APX,u,LAKESHORE FLOOD,MACKINAC ISLAND,MACKINAC,MI,PUBLIC,M-185 CLOSED BETWEEN MILE MARKER 1.5 AND 3.5 DUE TO EROSION AND HEAVY DAMAGE TO ROAD. - DELAYED REPORT.
201910222203,2019/10/22 22:03,47.30,-109.85,56.0,TFX,N,NON-TSTM WND GST,5 ESE DENTON,FERGUS,MT,MESONET,MESONET STATION 268000 4 ESE DENTON.
201910222208,2019/10/22 22:08,47.95,-110.50,59.0,TFX,N,NON-TSTM WND GST,1 N LOMA,CHOUTEAU,MT,MESONET,MESONET STATION 629003 LOMA.
201910222212,2019/10/22 22:12,46.16,-110.38,53.0,BYZ,N,NON-TSTM WND GST,17 NE WILSALL,PARK,MT,MESONET,
201910222215,2019/10/22 22:15,46.12,-111.53,51.0,TFX,N,NON-TSTM WND GST,7 SW TOSTON,BROADWATER,MT,MESONET,MESONET STATION MTM55 6.7 SW TOSTON (MT-MESO).
201910222215,2019/10/22 22:15,47.30,-109.85,58.0,TFX,N,NON-TSTM WND GST,5 ESE DENTON,FERGUS,MT,MESONET,MESONET STATION MTDEN 4.9 E DENTON (MT DOT).
201910222215,2019/10/22 22:15,47.95,-110.50,59.0,TFX,N,NON-TSTM WND GST,1 N LOMA,CHOUTEAU,MT,MESONET,MESONET STATION MTLOM 1.0 N LOMA (MT DOT).
201910222215,2019/10/22 22:15,47.06,-109.95,59.0,TFX,N,NON-TSTM WND GST,2 W MOCCASIN,JUDITH BASIN,MT,MESONET,MESONET STATION MTM09 2.1 W MOCCASIN (MT-MESO).
201910222224,2019/10/22 22:24,46.70,-112.66,59.0,MSO,N,NON-TSTM WND GST,5 SSE FINN,POWELL,MT,MESONET,MESONET STATION MTAVN 5.2 SE FINN (MT DOT).
201910222226,2019/10/22 22:26,46.60,-111.98,60.0,TFX,N,NON-TSTM WND GST,2 E HELENA,LEWIS AND CLARK,MT,ASOS,ASOS STATION KHLN HELENA AP ASOS.
201910222230,2019/10/22 22:30,47.69,-111.47,62.0,TFX,N,NON-TSTM WND GST,10 NNE VAUGHN,CASCADE,MT,MESONET,MESONET STATION MTM21 9.6 NE VAUGHN (MT-MESO).
201910222241,2019/10/22 22:41,47.59,-108.87,50.0,TFX,N,NON-TSTM WND GST,18 NNE ROY,FERGUS,MT,MESONET,MESONET STATION ARMM8 ARMELLS CREEK RAWS.
201910222244,2019/10/22 22:44,47.33,-108.93,60.0,TFX,N,NON-TSTM WND GST,1 E ROY,FERGUS,MT,AWOS,AWOS STATION K1OM OSCAR.
201910222245,2019/10/22 22:45,47.02,-114.70,54.0,MSO,N,NON-TSTM WND GST,2 E TARKIO,MINERAL,MT,MESONET,ELEVATION 3970 FEET.
201910222252,2019/10/22 22:52,47.22,-109.22,70.0,TFX,N,NON-TSTM WND GST,7 ESE HILGER,FERGUS,MT,MESONET,MESONET STATION JPKM8 JUDITH PEAK RAWS.
201910222258,2019/10/22 22:58,45.67,-110.80,51.0,TFX,N,NON-TSTM WND GST,12 E BOZEMAN,GALLATIN,MT,MESONET,MESONET STATION MTBZH 11.5 E BOZEMAN (MT DOT).
201910222258,2019/10/22 22:58,47.75,-111.55,53.0,TFX,N,NON-TSTM WND GST,7 ENE POWER,TETON,MT,AWOS,AWOS STATION K1JM JULIE.
201910222300,2019/10/22 23:00,41.50,-106.00,61.0,CYS,N,NON-TSTM WND GST,15 NNE CENTENNIAL,ALBANY,WY,DEPT OF HIGHWAYS,WYDOT SENSOR AT STROUSS HILL ALONG INTERSTATE 80.
201910222300,2019/10/22 23:00,45.82,-110.93,62.0,TFX,N,NON-TSTM WND GST,11 NNE BOZEMAN,GALLATIN,MT,MESONET,MESONET STATION BBCST 11.1 NE BOZEMAN (AVALANCHE).
201910222305,2019/10/22 23:05,44.47,-112.95,50.0,TFX,N,NON-TSTM WND GST,21 SW LIMA,BEAVERHEAD,MT,MESONET,MESONET STATION HRKM8 HARKNESS RAWS.
201910222313,2019/10/22 23:13,46.35,-111.07,56.0,TFX,N,NON-TSTM WND GST,14 WNW RINGLING,MEAGHER,MT,MESONET,MESONET STATION MTDPC 15.6 SW WHITE SULPHUR SPRINGS (MT DOT).
201910222313,2019/10/22 23:13,46.35,-111.07,57.0,TFX,N,NON-TSTM WND GST,14 WNW RINGLING,MEAGHER,MT,MESONET,MESONET STATION 564005 15 SW WHITE SULPHUR SPRINGS.
201910222315,2019/10/22 23:15,45.27,-111.88,57.0,TFX,N,NON-TSTM WND GST,4 SE VIRGINIA CITY,MADISON,MT,MESONET,MESONET STATION MTM17 3.5 SE VIRGINIA CITY (MT-MESO).
201910222315,2019/10/22 23:15,41.55,-106.08,62.0,CYS,N,NON-TSTM WND GST,7 ESE ARLINGTON,CARBON,WY,DEPT OF HIGHWAYS,WYDOT SENSOR AT COOPER COVE BY ARLINGTON. SUSTAINED WINDS CURRENTLY 40 TO 45 MPH.
201910222322,2019/10/22 23:22,47.29,-112.15,55.0,TFX,N,NON-TSTM WND GST,17 SW SIMMS,LEWIS AND CLARK,MT,MESONET,MESONET STATION MTBOW 17.5 NW CRAIG (MT DOT).
201910222331,2019/10/22 23:31,48.96,-111.94,56.0,TFX,N,NON-TSTM WND GST,6 NNW SUNBURST,TOOLE,MT,MESONET,MESONET STATION MTSWT 6.0 N SUNBURST (MT DOT).
201910222340,2019/10/22 23:40,35.35,-77.14,None,MHX,D,TSTM WND DMG,3 S WILMAR,CRAVEN,NC,PUBLIC,TREES DOWN AND POSSIBLE POWER LINE DAMAGE.
201910222345,2019/10/22 23:45,46.57,-112.44,49.0,MSO,N,NON-TSTM WND GST,1 WNW ELLISTON,POWELL,MT,MESONET,MESONET STATION EW4329 ELLISTON.
201910222345,2019/10/22 23:45,47.06,-109.95,54.0,TFX,N,NON-TSTM WND GST,2 WNW MOCCASIN,JUDITH BASIN,MT,MESONET,MESONET STATION MWSM 2.0 W MOCCASIN (AGRIMET).
201910222350,2019/10/22 23:50,47.06,-109.18,50.0,TFX,N,NON-TSTM WND GST,7 NW FORESTGROVE,FERGUS,MT,MESONET,MESONET STATION MTLEW 6.9 NW FORESTGROVE (MT DOT).
201910222350,2019/10/22 23:50,46.13,-108.76,58.0,BYZ,G,TSTM WND GST,5 E BROADVIEW,YELLOWSTONE,MT,MESONET,
201910222352,2019/10/22 23:52,47.22,-109.22,71.0,TFX,N,NON-TSTM WND GST,7 ESE HILGER,FERGUS,MT,MESONET,MESONET STATION JPKM8 JUDITH PEAK RAWS.
201910222354,2019/10/22 23:54,46.31,-111.70,55.0,TFX,N,NON-TSTM WND GST,8 W TOWNSEND,BROADWATER,MT,MESONET,MESONET STATION EKHM8 ELKHORN RAWS - 8 W TOWNSEND.
201910230000,2019/10/23 00:00,45.67,-110.80,52.0,BYZ,N,NON-TSTM WND GST,12 W LIVINGSTON,PARK,MT,DEPT OF HIGHWAYS,
201910230000,2019/10/23 00:00,47.09,-109.97,67.0,TFX,N,NON-TSTM WND GST,3 ENE BENCHLAND,JUDITH BASIN,MT,MESONET,MESONET STATION MTM47 2.6 E BENCHLAND (MT-MESO).
201910230006,2019/10/23 00:06,45.78,-111.17,59.0,TFX,N,NON-TSTM WND GST,BELGRADE,GALLATIN,MT,ASOS,ASOS STATION KBZN BOZEMAN YELLOWSTONE AIRPORT.
201910230008,2019/10/23 00:08,45.81,-108.55,67.0,BYZ,N,NON-TSTM WND GST,3 NW BILLINGS,YELLOWSTONE,MT,ASOS,
201910230012,2019/10/23 00:12,46.16,-110.38,66.0,BYZ,N,NON-TSTM WND GST,17 NE WILSALL,PARK,MT,MESONET,
201910230015,2019/10/23 00:15,45.79,-108.47,60.0,BYZ,N,NON-TSTM WND GST,3 WSW LOCKWOOD,YELLOWSTONE,MT,DEPT OF HIGHWAYS,
201910230030,2019/10/23 00:30,45.73,-111.37,54.0,TFX,N,NON-TSTM WND GST,3 SW AMSTERDAM,GALLATIN,MT,MESONET,MESONET STATION MTM07 3.2 SW AMSTERDAM (MT-MESO).
201910230032,2019/10/23 00:32,46.20,-108.00,60.0,BYZ,G,TSTM WND GST,15 N POMPEYS PILLAR,YELLOWSTONE,MT,CO-OP OBSERVER,
201910230039,2019/10/23 00:39,45.70,-110.45,64.0,BYZ,N,NON-TSTM WND GST,6 ENE LIVINGSTON,PARK,MT,ASOS,
201910230040,2019/10/23 00:40,46.83,-108.93,66.0,TFX,N,NON-TSTM WND GST,13 SSE FORESTGROVE,FERGUS,MT,AWOS,AWOS STATION KMVH N BAR RANCH AWOS.
201910230045,2019/10/23 00:45,46.41,-105.85,0.25,BYZ,H,HAIL,MILES CITY,CUSTER,MT,PUBLIC,MULTIPLE FACEBOOK PHOTOS AND VIDEOS.
201910230045,2019/10/23 00:45,46.03,-106.20,67.0,BYZ,N,NON-TSTM WND GST,23 ENE COLSTRIP,ROSEBUD,MT,MESONET,
201910230055,2019/10/23 00:55,45.81,-109.98,70.0,BYZ,N,NON-TSTM WND GST,2 SSW BIG TIMBER,SWEET GRASS,MT,AWOS,
201910230057,2019/10/23 00:57,45.85,-108.73,65.0,BYZ,N,NON-TSTM WND GST,10 E MOLT,YELLOWSTONE,MT,TRAINED SPOTTER,
201910230100,2019/10/23 01:00,45.67,-110.80,56.0,BYZ,N,NON-TSTM WND GST,12 W LIVINGSTON,PARK,MT,DEPT OF HIGHWAYS,
201910230100,2019/10/23 01:00,45.23,-111.45,66.0,TFX,N,NON-TSTM WND GST,6 WSW BIG SKY,MADISON,MT,MESONET,MESONET STATION YCTIM 6.3 W BIG SKY (AVALANCHE).
201910230100,2019/10/23 01:00,45.82,-110.93,70.0,TFX,N,NON-TSTM WND GST,11 NNE BOZEMAN,GALLATIN,MT,MESONET,MESONET STATION BBCST 11.1 NE BOZEMAN (AVALANCHE).
201910230107,2019/10/23 01:07,45.81,-108.55,61.0,BYZ,N,NON-TSTM WND GST,3 NW BILLINGS,YELLOWSTONE,MT,ASOS,
201910230110,2019/10/23 01:10,45.75,-109.95,56.0,BYZ,N,NON-TSTM WND GST,6 S BIG TIMBER,SWEET GRASS,MT,MESONET,
201910230115,2019/10/23 01:15,45.47,-109.26,59.0,BYZ,N,NON-TSTM WND GST,6 ESE ABSAROKEE,STILLWATER,MT,MESONET,
201910230120,2019/10/23 01:20,45.46,-109.57,62.0,BYZ,N,NON-TSTM WND GST,3 W FISHTAIL,STILLWATER,MT,MESONET,
201910230121,2019/10/23 01:21,45.73,-108.40,53.0,BYZ,N,NON-TSTM WND GST,6 S LOCKWOOD,YELLOWSTONE,MT,MESONET,
201910230128,2019/10/23 01:28,45.00,-107.30,53.0,BYZ,N,NON-TSTM WND GST,9 NW RANCHESTER,SHERIDAN,WY,DEPT OF HIGHWAYS,
201910230130,2019/10/23 01:30,45.34,-109.49,53.0,BYZ,N,NON-TSTM WND GST,1 S ROSCOE,CARBON,MT,DEPT OF HIGHWAYS,
201910230130,2019/10/23 01:30,45.27,-111.88,59.0,TFX,N,NON-TSTM WND GST,4 SE VIRGINIA CITY,MADISON,MT,MESONET,MESONET STATION MTM17 3.5 SE VIRGINIA CITY (MT-MESO).
201910230133,2019/10/23 01:33,45.79,-108.47,63.0,BYZ,N,NON-TSTM WND GST,3 WSW LOCKWOOD,YELLOWSTONE,MT,DEPT OF HIGHWAYS,
201910230133,2019/10/23 01:33,37.98,-75.86,None,AKQ,v,COASTAL FLOOD,CRISFIELD,SOMERSET,MD,TRAINED SPOTTER,FLOODING ON COVE STREET_ FROM HIGH TIDE. SOMERS COVE MARINA FLOODED.
201910230134,2019/10/23 01:34,45.97,-112.50,52.0,MSO,N,NON-TSTM WND GST,3 SSE BUTTE,SILVER BOW,MT,ASOS,ASOS STATION KBTM BUTTE-MOONEY AP.
201910230140,2019/10/23 01:40,45.21,-85.55,43.0,APX,N,NON-TSTM WND GST,7 NNE NORTHPORT,LMZ344,MI,MESONET,MESONET STATION GTLM4 6 NE NORTHPORT.
201910230145,2019/10/23 01:45,45.34,-109.49,53.0,BYZ,N,NON-TSTM WND GST,1 S ROSCOE,CARBON,MT,DEPT OF HIGHWAYS,
201910230151,2019/10/23 01:51,45.03,-107.32,66.0,BYZ,N,NON-TSTM WND GST,8 SSE WYOLA,BIG HORN,MT,DEPT OF HIGHWAYS,
201910230158,2019/10/23 01:58,45.00,-107.30,63.0,BYZ,N,NON-TSTM WND GST,9 NW RANCHESTER,SHERIDAN,WY,DEPT OF HIGHWAYS,
201910230200,2019/10/23 02:00,45.67,-110.80,58.0,BYZ,N,NON-TSTM WND GST,12 W LIVINGSTON,PARK,MT,DEPT OF HIGHWAYS,
201910230200,2019/10/23 02:00,45.24,-111.44,58.0,TFX,N,NON-TSTM WND GST,6 WSW BIG SKY,MADISON,MT,MESONET,MESONET STATION YCAMS 5.7 W BIG SKY (AVALANCHE).
201910230201,2019/10/23 02:01,45.65,-106.50,51.0,BYZ,N,NON-TSTM WND GST,8 ENE LAME DEER,ROSEBUD,MT,MESONET,
201910230209,2019/10/23 02:09,46.69,-113.99,51.0,MSO,N,NON-TSTM WND GST,6 NE FLORENCE,MISSOULA,MT,MESONET,MPG RANCH SENSOR ON SOUTH BALDY RIDGE AT 4911 FEET.
201910230221,2019/10/23 02:21,45.73,-108.40,56.0,BYZ,N,NON-TSTM WND GST,6 S LOCKWOOD,YELLOWSTONE,MT,MESONET,
201910230227,2019/10/23 02:27,46.92,-114.10,47.0,MSO,N,NON-TSTM WND GST,6 WNW MISSOULA,MISSOULA,MT,ASOS,ASOS STATION KMSO MISSOULA_ MT.
201910230228,2019/10/23 02:28,45.67,-110.80,58.0,TFX,N,NON-TSTM WND GST,12 E BOZEMAN,GALLATIN,MT,MESONET,MESONET STATION MTBZH 11.5 E BOZEMAN (MT DOT).
201910230228,2019/10/23 02:28,44.64,-106.86,62.0,BYZ,N,NON-TSTM WND GST,6 ESE BIG HORN,SHERIDAN,WY,DEPT OF HIGHWAYS,
201910230229,2019/10/23 02:29,45.41,-109.87,58.0,BYZ,N,NON-TSTM WND GST,3 WSW NYE,STILLWATER,MT,MESONET,
201910230232,2019/10/23 02:32,44.57,-106.82,58.0,BYZ,N,NON-TSTM WND GST,4 SE BANNER,SHERIDAN,WY,DEPT OF HIGHWAYS,
201910230254,2019/10/23 02:54,45.00,-107.30,61.0,BYZ,N,NON-TSTM WND GST,9 NW RANCHESTER,SHERIDAN,WY,DEPT OF HIGHWAYS,
201910230254,2019/10/23 02:54,44.57,-106.82,63.0,BYZ,N,NON-TSTM WND GST,4 SE BANNER,SHERIDAN,WY,DEPT OF HIGHWAYS,
201910230300,2019/10/23 03:00,44.64,-106.86,66.0,BYZ,N,NON-TSTM WND GST,6 ESE BIG HORN,SHERIDAN,WY,DEPT OF HIGHWAYS,
201910230304,2019/10/23 03:04,45.00,-108.10,54.0,BYZ,N,NON-TSTM WND GST,28 E WARREN,CARBON,MT,MESONET,
201910230306,2019/10/23 03:06,44.35,-105.54,55.0,UNR,N,NON-TSTM WND GST,5 NNW DWTN GILLETTE,CAMPBELL,WY,ASOS,
201910230307,2019/10/23 03:07,45.27,-110.54,54.0,BYZ,N,NON-TSTM WND GST,12 SE EMIGRANT,PARK,MT,MESONET,
201910230309,2019/10/23 03:09,46.04,-114.26,50.0,MSO,N,NON-TSTM WND GST,4 WNW DARBY,RAVALLI,MT,MESONET,MESONET STATION LRCM8 4 WNW DARBY.
201910230624,2019/10/23 06:24,41.93,-104.94,59.0,CYS,N,NON-TSTM WND GST,1 SSE BORDEAUX,PLATTE,WY,DEPT OF HIGHWAYS,
201910230649,2019/10/23 06:49,47.96,-108.31,58.0,GGW,N,NON-TSTM WND GST,11 ENE ZORTMAN,PHILLIPS,MT,MESONET,MESONET STATION MTMAL 11.3 SW PHILLIPS (MT DOT).
201910230700,2019/10/23 07:00,47.89,-108.32,63.0,GGW,N,NON-TSTM WND GST,10 E ZORTMAN,PHILLIPS,MT,MESONET,MESONET STATION MTM38 9.5 E ZORTMAN (MT-MESO).
201910230732,2019/10/23 07:32,47.91,-108.50,58.0,GGW,N,NON-TSTM WND GST,1 ESE ZORTMAN,PHILLIPS,MT,MESONET,MESONET STATION ALDM8 ZORTMAN 1W.
201910230920,2019/10/23 09:20,44.14,-70.55,1.0,GYX,R,HEAVY RAIN,1 SE OTISFIELD,OXFORD,ME,TRAINED SPOTTER,
201910230935,2019/10/23 09:35,43.86,-70.10,1.78,GYX,R,HEAVY RAIN,FREEPORT,CUMBERLAND,ME,PUBLIC,
201910231230,2019/10/23 12:30,48.29,-112.83,4.0,TFX,S,SNOW,HEART BUTTE,PONDERA,MT,PUBLIC,PERIODS OF HEAVY SNOW REPORTED. REPORT VIA FACEBOOK.
201910231300,2019/10/23 13:00,45.64,-110.43,1.2,BYZ,S,SNOW,7 ESE LIVINGSTON,PARK,MT,COCORAHS,
201910231325,2019/10/23 13:25,42.84,-71.66,1.01,GYX,R,HEAVY RAIN,MILFORD,HILLSBOROUGH,NH,PUBLIC,
201910231345,2019/10/23 13:45,47.87,-112.63,6.0,TFX,S,SNOW,17 WSW BYNUM,TETON,MT,TRAINED SPOTTER,
201910231351,2019/10/23 13:51,47.93,-112.29,1.0,TFX,S,SNOW,4 SSE BYNUM,TETON,MT,CO-OP OBSERVER,
201910231354,2019/10/23 13:54,46.50,-111.98,2.0,TFX,S,SNOW,2 N CLANCY,JEFFERSON,MT,PUBLIC,SOME ROADS ARE SLUSHY. REPORT VIA FACEBOOK.
201910231359,2019/10/23 13:59,43.30,-71.17,1.24,GYX,R,HEAVY RAIN,2 SSE STRAFFORD,STRAFFORD,NH,TRAINED SPOTTER,
201910231400,2019/10/23 14:00,44.57,-106.93,1.0,BYZ,S,SNOW,2 WSW STORY,SHERIDAN,WY,COCORAHS,
201910231400,2019/10/23 14:00,46.62,-112.02,1.0,TFX,S,SNOW,2 N HELENA,LEWIS AND CLARK,MT,NWS EMPLOYEE,ACCUMULATION MAINLY ON GRASSY AND ELEVATED SURFACES.
201910231408,2019/10/23 14:08,44.57,-106.82,53.0,BYZ,N,NON-TSTM WND GST,4 SE BANNER,SHERIDAN,WY,DEPT OF HIGHWAYS,
201910231410,2019/10/23 14:10,43.39,-70.55,2.47,GYX,R,HEAVY RAIN,KENNEBUNK,YORK,ME,PUBLIC,
201910231420,2019/10/23 14:20,46.67,-112.27,4.0,TFX,S,SNOW,6 SSE MARYSVILLE,LEWIS AND CLARK,MT,AMATEUR RADIO,HAM RADIO REPORT. LOCATION ESTIMATED.
201910231426,2019/10/23 14:26,60.79,-148.83,81.0,AFC,N,NON-TSTM WND GST,1 NE PORTAGE,,AK,ASOS,PATO ASOS REPORTS PEAK WIND GUST OF 81 MPH AT 456 AM AKDT.
201910231430,2019/10/23 14:30,48.07,-112.47,2.0,TFX,S,SNOW,8 W PENDROY,TETON,MT,PUBLIC,REPORT FROM ROCKPORT COLONY.
201910231453,2019/10/23 14:53,43.09,-70.75,1.71,GYX,R,HEAVY RAIN,1 W KITTERY,YORK,ME,TRAINED SPOTTER,
201910231505,2019/10/23 15:05,48.56,-113.01,4.0,TFX,S,SNOW,BROWNING,GLACIER,MT,TRAINED SPOTTER,
201910231515,2019/10/23 15:15,44.42,-103.38,51.0,UNR,N,NON-TSTM WND GST,5 SSE BEAR BUTTE STATE,MEADE,SD,AWOS,
201910231517,2019/10/23 15:17,43.15,-70.65,2.48,GYX,R,HEAVY RAIN,YORK,YORK,ME,PUBLIC,
201910231518,2019/10/23 15:18,43.54,-70.72,2.72,GYX,R,HEAVY RAIN,WATERBORO,YORK,ME,PUBLIC,
201910231522,2019/10/23 15:22,43.48,-71.07,1.6,GYX,R,HEAVY RAIN,MIDDLETON,STRAFFORD,NH,PUBLIC,
201910231523,2019/10/23 15:23,43.63,-70.43,2.25,GYX,R,HEAVY RAIN,3 SSE GORHAM,CUMBERLAND,ME,TRAINED SPOTTER,
201910231525,2019/10/23 15:25,44.15,-103.10,50.0,UNR,N,NON-TSTM WND GST,ELLSWORTH AFB,MEADE,SD,OTHER FEDERAL,
201910231531,2019/10/23 15:31,43.50,-70.44,2.5,GYX,R,HEAVY RAIN,SACO,YORK,ME,PUBLIC,
201910231532,2019/10/23 15:32,43.24,-70.81,1.45,GYX,R,HEAVY RAIN,SOUTH BERWICK,YORK,ME,PUBLIC,
201910231536,2019/10/23 15:36,44.05,-103.06,54.0,UNR,N,NON-TSTM WND GST,RAPID CITY ARPT,PENNINGTON,SD,ASOS,
201910231553,2019/10/23 15:53,44.12,-102.93,52.0,UNR,N,NON-TSTM WND GST,5 WNW NEW UNDERWOOD,PENNINGTON,SD,MESONET,
201910231556,2019/10/23 15:56,44.12,-70.22,2.25,GYX,R,HEAVY RAIN,1 N LEWISTON,ANDROSCOGGIN,ME,PUBLIC,
201910231605,2019/10/23 16:05,44.29,-69.79,2.2,GYX,R,HEAVY RAIN,HALLOWELL,KENNEBEC,ME,PUBLIC,
201910231616,2019/10/23 16:16,44.15,-70.58,1.75,GYX,R,HEAVY RAIN,1 WNW OTISFIELD,OXFORD,ME,TRAINED SPOTTER,
201910231618,2019/10/23 16:18,43.91,-69.80,2.77,GYX,R,HEAVY RAIN,1 E BATH,SAGADAHOC,ME,PUBLIC,
201910231619,2019/10/23 16:19,44.31,-68.90,1.5,GYX,R,HEAVY RAIN,ISLEBORO,WALDO,ME,PUBLIC,
